<Page xmlns="http://schemas.nativescript.org/tns.xsd" navigatingTo="onNavigatingTo" class="page">
    <ActionBar title="Login - Forkd" class="action-bar" />
    
    <ScrollView>
        <StackLayout class="p-4">
            <Label text="Welcome back!" class="text-2xl font-bold text-center mb-4" />
            
            <StackLayout class="form">
                <Label text="Email" class="text-sm font-medium text-gray-700" />
                <TextField text="{{ email }}" hint="Enter email" keyboardType="email" class="input" />
                <Label text="{{ emailError }}" class="text-red-500 text-sm" visibility="{{ emailError ? 'visible' : 'collapsed' }}" />

                <Label text="Password" class="text-sm font-medium text-gray-700 mt-4" />
                <TextField text="{{ password }}" hint="Enter password" secure="true" class="input" />
                <Label text="{{ passwordError }}" class="text-red-500 text-sm" visibility="{{ passwordError ? 'visible' : 'collapsed' }}" />

                <Button text="Login" tap="{{ onLogin }}" class="-primary mt-6" />
                <Button text="Need an account? Register" tap="{{ onRegisterTap }}" class="-outline mt-4" />
            </StackLayout>
        </StackLayout>
    </ScrollView>
</Page>