<Page xmlns="http://schemas.nativescript.org/tns.xsd" navigatingTo="onNavigatingTo" class="page">
    <ActionBar title="Register - Forkd" class="action-bar" />
    
    <ScrollView>
        <StackLayout class="p-4">
            <Label text="Create your account" class="text-2xl font-bold text-center mb-4" />
            
            <StackLayout class="form">
                <Label text="Username" class="text-sm font-medium text-gray-700" />
                <TextField text="{{ username }}" hint="Enter username" class="input" />
                <Label text="{{ usernameError }}" class="text-red-500 text-sm" visibility="{{ usernameError ? 'visible' : 'collapsed' }}" />

                <Label text="Email" class="text-sm font-medium text-gray-700 mt-4" />
                <TextField text="{{ email }}" hint="Enter email" keyboardType="email" class="input" />
                <Label text="{{ emailError }}" class="text-red-500 text-sm" visibility="{{ emailError ? 'visible' : 'collapsed' }}" />

                <Label text="Password" class="text-sm font-medium text-gray-700 mt-4" />
                <TextField text="{{ password }}" hint="Enter password" secure="true" class="input" />
                <Label text="{{ passwordError }}" class="text-red-500 text-sm" visibility="{{ passwordError ? 'visible' : 'collapsed' }}" />

                <Button text="Register" tap="{{ onRegister }}" class="-primary mt-6" />
                <Button text="Already have an account? Login" tap="{{ onLoginTap }}" class="-outline mt-4" />
            </StackLayout>
        </StackLayout>
    </ScrollView>
</Page>